makh,tenkh,diachi,sdt,loaikh
KH01,Nguyễn Mai Chi,HCM,0164652182,VIP
KH02,Phạm Văn Quyền,Tây Ninh,0394552201,TV
KH03,Lê Quốc Bảo,Long An,0124554409,VIP
KH04,Trịnh Minh Anh,Cần Thơ,0394599263,TV
KH05,Trần Hoàng Long,HCM,0393403394,VIP
KH06,Lê Ngọc Tú,Tây Ninh,0161107292,TV
KH07,Nguyễn Tâm,Tây Ninh,0397710220,TV
KH08,Bùi Thị Trông,HCM,0382777483,VIP
KH09,Nguyễn Đức Vũ,HCM,0381008829,TV
KH10,Phan Văn Hưng,Cần Thơ,0394564399,VIP
KH11,Vũ Minh Anh,HCM,0381000965,TV
KH12,Nguyễn Minh Trí,Long An,0394055398,TV
KH13,Trần Quang An,An Giang,0164001197,TV
KH14,Phạm Văn Tấn,An Giang,0120679898,VIP
KH15,Phan Thị Nhã,Long An,0382424003,TV
KH16,Bùi Văn Thanh,HCM,0192179413,TV
KH17,Phạm Hoàng Khôi,Cần Thơ,0162416518,TV
KH18,Trương Quang Khôi,Trà Vinh,0195568043,TV
KH19,Võ Minh Anh,Cần Thơ,0398875822,VIP
KH20,Trần Hữu Khánh,Trà Vinh,0187420719,VIP
KH21,Lê Minh Ngân,An Giang,0367162438,TV
KH22,Phan Thị Sương,An Giang,0397608581,VIP
KH23,Trương Quang Đạt,An Giang,0390700756,TV
KH24,Bùi Minh Đạt,HCM,0183135724,TV
KH25,Nguyễn Thị Sang,Vĩnh Long,0384318017,TV
KH26,Võ Minh Tài,Vĩnh Long,0360754730,VIP
KH27,Trần Gia Trang,Cần Thơ,0380530887,VIP
KH28,Bùi Thị Long,Long An,0123513311,TV
KH29,Phan Trung Kiều,Long An,0189569285,VIP
KH30,Nguyễn Hoài Phượng,Trà Vinh,0127522658,VIP
KH31,Nguyễn Thị Trang,HCM,0167883079,TV
KH32,Bùi Hoài Oanh,Vĩnh Long,0199290236,TV
KH33,Trần Hữu Cường,Tây Ninh,0360770392,TV
KH34,Trần Hoài Phước,Tiền Giang,0191901739,VIP
KH35,Nguyễn Thị Thương,Tây Ninh,0385857062,VIP
KH36,Phan Thế Kim,Tiền Giang,0125190811,VIP
KH37,Lê Nhật Nhã,Tiền Giang,0326358776,VIP
KH38,Võ Nhật Khanh,Tiền Giang,0361550430,TV
KH39,Lê Hữu Khải,Nam Định,0323293328,TV
KH40,Nguyễn Thị Phước,Tiền Giang,0363785338,VIP
KH41,Trương Trung Duyên,Tây Ninh,0198907375,VIP
KH42,Trương Minh Vy,Vĩnh Long,0368405771,TV
KH43,Phan Hữu Nghĩa,Tây Ninh,0329236189,TV
KH44,Nguyễn Thế Khanh,Long An,0387833420,VIP
KH45,Nguyễn Mạnh Dương,Trà Vinh,0396036890,VIP
KH46,Phạm Gia Tài,Long An,0196815357,VIP
KH47,Trần Quang Nghĩa,Nam Định,0393849803,TV
KH48,Phạm Văn Nhi,Nam Định,0191889182,TV
KH49,Nguyễn Văn Dương,Nam Định,0386998788,VIP
KH50,Võ Gia Trang,Long An,0388096155,VIP
KH51,Trương Nhật Ngân,Nam Định,0322508952,TV
KH52,Trương Nhật Phước,Long An,0360396797,VIP
KH53,Phạm Hoàng Bình,Cần Thơ,0184950353,TV
KH54,Lê Văn Duyên,Tiền Giang,0195155656,TV
KH55,Võ Thế Vân,Nam Định,0184117894,VIP
KH56,Nguyễn Minh Dung,Long An,0380492185,TV
KH57,Phan Nhật Oanh,Cần Thơ,0395017420,TV
KH58,Nguyễn Hoài Hà,An Giang,0389096415,TV
KH59,Trương Thị Đạt,Nam Định,0196261279,TV
KH60,Trương Quang Mỹ,Tiền Giang,0368136101,VIP
KH61,Trương Hoài Hậu,Trà Vinh,0386047133,TV
KH62,Phạm Hoài Hà,Nam Định,0161208422,VIP
KH63,Nguyễn Thị Anh,Cần Thơ,0160623326,TV
KH64,Phạm Gia Duyên,Tiền Giang,0194947250,VIP
KH65,Lê Quang Uyên,HCM,0183506586,VIP
KH66,Nguyễn Trung Long,Trà Vinh,0321601700,TV
KH67,Bùi Thị Long,Vĩnh Long,0369708436,VIP
KH68,Bùi Quang Phượng,Tiền Giang,0388103385,VIP
KH69,Phan Hữu Danh,Tiền Giang,0160558743,TV
KH70,Bùi Văn Thành,Long An,0381983504,TV
KH71,Phạm Gia Như,Tiền Giang,0182862518,VIP
KH72,Trần Hoài Châu,Trà Vinh,0164143901,TV
KH73,Phan Minh Khải,HCM,0190484631,TV
KH74,Trần Mạnh Vinh,Vĩnh Long,0125906716,VIP
KH75,Nguyễn Hoàng An,Tiền Giang,0194793676,TV
KH76,Bùi Minh Linh,Nam Định,0393316751,TV
KH77,Võ Gia Phượng,Nam Định,0360444808,VIP
KH78,Trần Hữu Vân,Tiền Giang,0166449996,TV
KH79,Nguyễn Nhật Oanh,Vĩnh Long,0321235649,TV
KH80,Lê Văn Khánh,Long An,0169698970,TV
KH81,Lê Nhật Danh,Trà Vinh,0323988527,VIP
KH82,Võ Gia Ánh,Tiền Giang,0398845561,TV
KH83,Nguyễn Nhật Sương,Nam Định,0397965420,TV
KH84,Phạm Nhật Nhi,Tiền Giang,0368254810,VIP
KH85,Lê Hoàng Phượng,HCM,0123410205,VIP
KH86,Bùi Hoài Đạt,HCM,0124674661,TV
KH87,Trương Nhật Bích,Trà Vinh,0196189417,TV
KH88,Trương Văn Trang,Vĩnh Long,0369681070,TV
KH89,Nguyễn Nhật Cẩm,An Giang,0399624433,VIP
KH90,Lê Hữu Oanh,Trà Vinh,0367675902,VIP
KH91,Bùi Hữu Phúc,Tây Ninh,0398201995,TV
KH92,Trần Trung Diễm,HCM,0189288649,VIP
KH93,Trương Hoàng Thắng,Trà Vinh,0329230228,VIP
KH94,Trương Hoài Uyên,Tây Ninh,0121394827,TV
KH95,Phạm Nhật Kim,Cần Thơ,0186276691,TV
KH96,Phạm Quang Dung,Tây Ninh,0126723376,VIP
KH97,Bùi Hoài Mỹ,Long An,0392374367,VIP
KH98,Phạm Nhật Nghĩa,Tây Ninh,0194771055,VIP
KH99,Lê Văn Châu,Vĩnh Long,0187221575,TV
